via	net	bbox	via_def	tag
VIA_SA_30934	VDD	{39.8250 327.5930} {40.1750 327.7030}	VIA12SQ_C	pg_via12_rail_repair
VIA_SA_30935	VDD	{79.8250 327.5930} {80.1750 327.7030}	VIA12SQ_C	pg_via12_rail_repair
VIA_SA_30936	VDD	{119.8250 327.5930} {120.1750 327.7030}	VIA12SQ_C	pg_via12_rail_repair
VIA_SA_30937	VDD	{159.8250 327.5930} {160.1750 327.7030}	VIA12SQ_C	pg_via12_rail_repair
VIA_SA_30938	VDD	{199.8250 327.5930} {200.1750 327.7030}	VIA12SQ_C	pg_via12_rail_repair
VIA_SA_30939	VDD	{239.8250 327.5930} {240.1750 327.7030}	VIA12SQ_C	pg_via12_rail_repair
VIA_SA_30940	VDD	{279.8250 327.5930} {280.1750 327.7030}	VIA12SQ_C	pg_via12_rail_repair
VIA_SA_30941	VDD	{319.8250 327.5930} {320.1750 327.7030}	VIA12SQ_C	pg_via12_rail_repair
VIA_SA_30942	VDD	{359.8250 327.5930} {360.1750 327.7030}	VIA12SQ_C	pg_via12_rail_repair
VIA_SA_30943	VDD	{399.8250 327.5930} {400.1750 327.7030}	VIA12SQ_C	pg_via12_rail_repair
VIA_SA_30944	VDD	{439.8250 327.5930} {440.1750 327.7030}	VIA12SQ_C	pg_via12_rail_repair
VIA_SA_30945	VDD	{479.8250 327.5930} {480.1750 327.7030}	VIA12SQ_C	pg_via12_rail_repair
VIA_SA_30946	VDD	{519.8250 327.5930} {520.1750 327.7030}	VIA12SQ_C	pg_via12_rail_repair
VIA_SA_30947	VDD	{559.8250 327.5930} {560.1750 327.7030}	VIA12SQ_C	pg_via12_rail_repair
VIA_SA_30948	VDD	{599.8250 327.5930} {600.1750 327.7030}	VIA12SQ_C	pg_via12_rail_repair
VIA_SA_30949	VDD	{639.8250 327.5930} {640.1750 327.7030}	VIA12SQ_C	pg_via12_rail_repair
VIA_SA_30950	VDD	{679.8250 327.5930} {680.1750 327.7030}	VIA12SQ_C	pg_via12_rail_repair
VIA_SA_30951	VDD	{719.8250 327.5930} {720.1750 327.7030}	VIA12SQ_C	pg_via12_rail_repair
VIA_SA_30952	VDD	{759.8250 327.5930} {760.1750 327.7030}	VIA12SQ_C	pg_via12_rail_repair
VIA_SA_30953	VDD	{799.8250 327.5930} {800.1750 327.7030}	VIA12SQ_C	pg_via12_rail_repair
VIA_SA_30954	VDD	{839.8250 327.5930} {840.1750 327.7030}	VIA12SQ_C	pg_via12_rail_repair
VIA_SA_30955	VDD	{879.8250 327.5930} {880.1750 327.7030}	VIA12SQ_C	pg_via12_rail_repair
VIA_SA_30956	VDD	{919.8250 327.5930} {920.1750 327.7030}	VIA12SQ_C	pg_via12_rail_repair
VIA_SA_30957	VDD	{959.8250 327.5930} {960.1750 327.7030}	VIA12SQ_C	pg_via12_rail_repair
VIA_SA_30958	VDD	{999.8250 327.5930} {1000.1750 327.7030}	VIA12SQ_C	pg_via12_rail_repair
VIA_SA_30959	VDD	{1039.8250 327.5930} {1040.1750 327.7030}	VIA12SQ_C	pg_via12_rail_repair
VIA_SA_30960	VDD	{1079.8250 327.5930} {1080.1750 327.7030}	VIA12SQ_C	pg_via12_rail_repair
VIA_SA_30961	VDD	{1119.8250 327.5930} {1120.1750 327.7030}	VIA12SQ_C	pg_via12_rail_repair
VIA_SA_30962	VDD	{1159.8250 327.5930} {1160.1750 327.7030}	VIA12SQ_C	pg_via12_rail_repair
VIA_SA_30963	VDD	{39.8250 367.7210} {40.1750 367.8310}	VIA12SQ_C	pg_via12_rail_repair
VIA_SA_30964	VDD	{79.8250 367.7210} {80.1750 367.8310}	VIA12SQ_C	pg_via12_rail_repair
VIA_SA_30965	VDD	{119.8250 367.7210} {120.1750 367.8310}	VIA12SQ_C	pg_via12_rail_repair
VIA_SA_30966	VDD	{159.8250 367.7210} {160.1750 367.8310}	VIA12SQ_C	pg_via12_rail_repair
VIA_SA_30967	VDD	{199.8250 367.7210} {200.1750 367.8310}	VIA12SQ_C	pg_via12_rail_repair
VIA_SA_30968	VDD	{239.8250 367.7210} {240.1750 367.8310}	VIA12SQ_C	pg_via12_rail_repair
VIA_SA_30969	VDD	{279.8250 367.7210} {280.1750 367.8310}	VIA12SQ_C	pg_via12_rail_repair
VIA_SA_30970	VDD	{319.8250 367.7210} {320.1750 367.8310}	VIA12SQ_C	pg_via12_rail_repair
VIA_SA_30971	VDD	{359.8250 367.7210} {360.1750 367.8310}	VIA12SQ_C	pg_via12_rail_repair
VIA_SA_30972	VDD	{399.8250 367.7210} {400.1750 367.8310}	VIA12SQ_C	pg_via12_rail_repair
VIA_SA_30973	VDD	{439.8250 367.7210} {440.1750 367.8310}	VIA12SQ_C	pg_via12_rail_repair
VIA_SA_30974	VDD	{479.8250 367.7210} {480.1750 367.8310}	VIA12SQ_C	pg_via12_rail_repair
VIA_SA_30975	VDD	{519.8250 367.7210} {520.1750 367.8310}	VIA12SQ_C	pg_via12_rail_repair
VIA_SA_30976	VDD	{559.8250 367.7210} {560.1750 367.8310}	VIA12SQ_C	pg_via12_rail_repair
VIA_SA_30977	VDD	{599.8250 367.7210} {600.1750 367.8310}	VIA12SQ_C	pg_via12_rail_repair
VIA_SA_30978	VDD	{639.8250 367.7210} {640.1750 367.8310}	VIA12SQ_C	pg_via12_rail_repair
VIA_SA_30979	VDD	{679.8250 367.7210} {680.1750 367.8310}	VIA12SQ_C	pg_via12_rail_repair
VIA_SA_30980	VDD	{719.8250 367.7210} {720.1750 367.8310}	VIA12SQ_C	pg_via12_rail_repair
VIA_SA_30981	VDD	{759.8250 367.7210} {760.1750 367.8310}	VIA12SQ_C	pg_via12_rail_repair
VIA_SA_30982	VDD	{799.8250 367.7210} {800.1750 367.8310}	VIA12SQ_C	pg_via12_rail_repair
VIA_SA_30983	VDD	{839.8250 367.7210} {840.1750 367.8310}	VIA12SQ_C	pg_via12_rail_repair
VIA_SA_30984	VDD	{879.8250 367.7210} {880.1750 367.8310}	VIA12SQ_C	pg_via12_rail_repair
VIA_SA_30985	VDD	{919.8250 367.7210} {920.1750 367.8310}	VIA12SQ_C	pg_via12_rail_repair
VIA_SA_30986	VDD	{959.8250 367.7210} {960.1750 367.8310}	VIA12SQ_C	pg_via12_rail_repair
VIA_SA_30987	VDD	{999.8250 367.7210} {1000.1750 367.8310}	VIA12SQ_C	pg_via12_rail_repair
VIA_SA_30988	VDD	{1039.8250 367.7210} {1040.1750 367.8310}	VIA12SQ_C	pg_via12_rail_repair
VIA_SA_30989	VDD	{1079.8250 367.7210} {1080.1750 367.8310}	VIA12SQ_C	pg_via12_rail_repair
VIA_SA_30990	VDD	{1119.8250 367.7210} {1120.1750 367.8310}	VIA12SQ_C	pg_via12_rail_repair
VIA_SA_30991	VDD	{1159.8250 367.7210} {1160.1750 367.8310}	VIA12SQ_C	pg_via12_rail_repair
VIA_SA_30992	VDD	{39.8250 407.8490} {40.1750 407.9590}	VIA12SQ_C	pg_via12_rail_repair
VIA_SA_30993	VDD	{79.8250 407.8490} {80.1750 407.9590}	VIA12SQ_C	pg_via12_rail_repair
VIA_SA_30994	VDD	{119.8250 407.8490} {120.1750 407.9590}	VIA12SQ_C	pg_via12_rail_repair
VIA_SA_30995	VDD	{159.8250 407.8490} {160.1750 407.9590}	VIA12SQ_C	pg_via12_rail_repair
VIA_SA_30996	VDD	{199.8250 407.8490} {200.1750 407.9590}	VIA12SQ_C	pg_via12_rail_repair
VIA_SA_30997	VDD	{239.8250 407.8490} {240.1750 407.9590}	VIA12SQ_C	pg_via12_rail_repair
VIA_SA_30998	VDD	{279.8250 407.8490} {280.1750 407.9590}	VIA12SQ_C	pg_via12_rail_repair
VIA_SA_30999	VDD	{319.8250 407.8490} {320.1750 407.9590}	VIA12SQ_C	pg_via12_rail_repair
VIA_SA_31000	VDD	{359.8250 407.8490} {360.1750 407.9590}	VIA12SQ_C	pg_via12_rail_repair
VIA_SA_31001	VDD	{399.8250 407.8490} {400.1750 407.9590}	VIA12SQ_C	pg_via12_rail_repair
VIA_SA_31002	VDD	{439.8250 407.8490} {440.1750 407.9590}	VIA12SQ_C	pg_via12_rail_repair
VIA_SA_31003	VDD	{479.8250 407.8490} {480.1750 407.9590}	VIA12SQ_C	pg_via12_rail_repair
VIA_SA_31004	VDD	{519.8250 407.8490} {520.1750 407.9590}	VIA12SQ_C	pg_via12_rail_repair
VIA_SA_31005	VDD	{559.8250 407.8490} {560.1750 407.9590}	VIA12SQ_C	pg_via12_rail_repair
VIA_SA_31006	VDD	{599.8250 407.8490} {600.1750 407.9590}	VIA12SQ_C	pg_via12_rail_repair
VIA_SA_31007	VDD	{639.8250 407.8490} {640.1750 407.9590}	VIA12SQ_C	pg_via12_rail_repair
VIA_SA_31008	VDD	{679.8250 407.8490} {680.1750 407.9590}	VIA12SQ_C	pg_via12_rail_repair
VIA_SA_31009	VDD	{719.8250 407.8490} {720.1750 407.9590}	VIA12SQ_C	pg_via12_rail_repair
VIA_SA_31010	VDD	{759.8250 407.8490} {760.1750 407.9590}	VIA12SQ_C	pg_via12_rail_repair
VIA_SA_31011	VDD	{799.8250 407.8490} {800.1750 407.9590}	VIA12SQ_C	pg_via12_rail_repair
VIA_SA_31012	VDD	{839.8250 407.8490} {840.1750 407.9590}	VIA12SQ_C	pg_via12_rail_repair
VIA_SA_31013	VDD	{879.8250 407.8490} {880.1750 407.9590}	VIA12SQ_C	pg_via12_rail_repair
VIA_SA_31014	VDD	{919.8250 407.8490} {920.1750 407.9590}	VIA12SQ_C	pg_via12_rail_repair
VIA_SA_31015	VDD	{959.8250 407.8490} {960.1750 407.9590}	VIA12SQ_C	pg_via12_rail_repair
VIA_SA_31016	VDD	{999.8250 407.8490} {1000.1750 407.9590}	VIA12SQ_C	pg_via12_rail_repair
VIA_SA_31017	VDD	{1039.8250 407.8490} {1040.1750 407.9590}	VIA12SQ_C	pg_via12_rail_repair
VIA_SA_31018	VDD	{1079.8250 407.8490} {1080.1750 407.9590}	VIA12SQ_C	pg_via12_rail_repair
VIA_SA_31019	VDD	{1119.8250 407.8490} {1120.1750 407.9590}	VIA12SQ_C	pg_via12_rail_repair
VIA_SA_31020	VDD	{1159.8250 407.8490} {1160.1750 407.9590}	VIA12SQ_C	pg_via12_rail_repair
VIA_SA_31021	VDD	{39.8250 447.9770} {40.1750 448.0870}	VIA12SQ_C	pg_via12_rail_repair
VIA_SA_31022	VDD	{79.8250 447.9770} {80.1750 448.0870}	VIA12SQ_C	pg_via12_rail_repair
VIA_SA_31023	VDD	{119.8250 447.9770} {120.1750 448.0870}	VIA12SQ_C	pg_via12_rail_repair
VIA_SA_31024	VDD	{159.8250 447.9770} {160.1750 448.0870}	VIA12SQ_C	pg_via12_rail_repair
VIA_SA_31025	VDD	{199.8250 447.9770} {200.1750 448.0870}	VIA12SQ_C	pg_via12_rail_repair
VIA_SA_31026	VDD	{239.8250 447.9770} {240.1750 448.0870}	VIA12SQ_C	pg_via12_rail_repair
VIA_SA_31027	VDD	{279.8250 447.9770} {280.1750 448.0870}	VIA12SQ_C	pg_via12_rail_repair
VIA_SA_31028	VDD	{319.8250 447.9770} {320.1750 448.0870}	VIA12SQ_C	pg_via12_rail_repair
VIA_SA_31029	VDD	{359.8250 447.9770} {360.1750 448.0870}	VIA12SQ_C	pg_via12_rail_repair
VIA_SA_31030	VDD	{399.8250 447.9770} {400.1750 448.0870}	VIA12SQ_C	pg_via12_rail_repair
VIA_SA_31031	VDD	{439.8250 447.9770} {440.1750 448.0870}	VIA12SQ_C	pg_via12_rail_repair
VIA_SA_31032	VDD	{479.8250 447.9770} {480.1750 448.0870}	VIA12SQ_C	pg_via12_rail_repair
VIA_SA_31033	VDD	{519.8250 447.9770} {520.1750 448.0870}	VIA12SQ_C	pg_via12_rail_repair
VIA_SA_31034	VDD	{559.8250 447.9770} {560.1750 448.0870}	VIA12SQ_C	pg_via12_rail_repair
VIA_SA_31035	VDD	{599.8250 447.9770} {600.1750 448.0870}	VIA12SQ_C	pg_via12_rail_repair
VIA_SA_31036	VDD	{639.8250 447.9770} {640.1750 448.0870}	VIA12SQ_C	pg_via12_rail_repair
VIA_SA_31037	VDD	{679.8250 447.9770} {680.1750 448.0870}	VIA12SQ_C	pg_via12_rail_repair
VIA_SA_31038	VDD	{719.8250 447.9770} {720.1750 448.0870}	VIA12SQ_C	pg_via12_rail_repair
VIA_SA_31039	VDD	{759.8250 447.9770} {760.1750 448.0870}	VIA12SQ_C	pg_via12_rail_repair
VIA_SA_31040	VDD	{799.8250 447.9770} {800.1750 448.0870}	VIA12SQ_C	pg_via12_rail_repair
VIA_SA_31041	VDD	{839.8250 447.9770} {840.1750 448.0870}	VIA12SQ_C	pg_via12_rail_repair
VIA_SA_31042	VDD	{879.8250 447.9770} {880.1750 448.0870}	VIA12SQ_C	pg_via12_rail_repair
VIA_SA_31043	VDD	{919.8250 447.9770} {920.1750 448.0870}	VIA12SQ_C	pg_via12_rail_repair
VIA_SA_31044	VDD	{959.8250 447.9770} {960.1750 448.0870}	VIA12SQ_C	pg_via12_rail_repair
VIA_SA_31045	VDD	{999.8250 447.9770} {1000.1750 448.0870}	VIA12SQ_C	pg_via12_rail_repair
VIA_SA_31046	VDD	{1039.8250 447.9770} {1040.1750 448.0870}	VIA12SQ_C	pg_via12_rail_repair
VIA_SA_31047	VDD	{1079.8250 447.9770} {1080.1750 448.0870}	VIA12SQ_C	pg_via12_rail_repair
VIA_SA_31048	VDD	{1119.8250 447.9770} {1120.1750 448.0870}	VIA12SQ_C	pg_via12_rail_repair
VIA_SA_31049	VDD	{1159.8250 447.9770} {1160.1750 448.0870}	VIA12SQ_C	pg_via12_rail_repair
VIA_SA_31050	VDD	{39.8250 488.1050} {40.1750 488.2150}	VIA12SQ_C	pg_via12_rail_repair
VIA_SA_31051	VDD	{79.8250 488.1050} {80.1750 488.2150}	VIA12SQ_C	pg_via12_rail_repair
VIA_SA_31052	VDD	{119.8250 488.1050} {120.1750 488.2150}	VIA12SQ_C	pg_via12_rail_repair
VIA_SA_31053	VDD	{159.8250 488.1050} {160.1750 488.2150}	VIA12SQ_C	pg_via12_rail_repair
VIA_SA_31054	VDD	{199.8250 488.1050} {200.1750 488.2150}	VIA12SQ_C	pg_via12_rail_repair
VIA_SA_31055	VDD	{239.8250 488.1050} {240.1750 488.2150}	VIA12SQ_C	pg_via12_rail_repair
VIA_SA_31056	VDD	{279.8250 488.1050} {280.1750 488.2150}	VIA12SQ_C	pg_via12_rail_repair
VIA_SA_31057	VDD	{319.8250 488.1050} {320.1750 488.2150}	VIA12SQ_C	pg_via12_rail_repair
VIA_SA_31058	VDD	{359.8250 488.1050} {360.1750 488.2150}	VIA12SQ_C	pg_via12_rail_repair
VIA_SA_31059	VDD	{399.8250 488.1050} {400.1750 488.2150}	VIA12SQ_C	pg_via12_rail_repair
VIA_SA_31060	VDD	{439.8250 488.1050} {440.1750 488.2150}	VIA12SQ_C	pg_via12_rail_repair
VIA_SA_31061	VDD	{479.8250 488.1050} {480.1750 488.2150}	VIA12SQ_C	pg_via12_rail_repair
VIA_SA_31062	VDD	{519.8250 488.1050} {520.1750 488.2150}	VIA12SQ_C	pg_via12_rail_repair
VIA_SA_31063	VDD	{559.8250 488.1050} {560.1750 488.2150}	VIA12SQ_C	pg_via12_rail_repair
VIA_SA_31064	VDD	{599.8250 488.1050} {600.1750 488.2150}	VIA12SQ_C	pg_via12_rail_repair
VIA_SA_31065	VDD	{639.8250 488.1050} {640.1750 488.2150}	VIA12SQ_C	pg_via12_rail_repair
VIA_SA_31066	VDD	{679.8250 488.1050} {680.1750 488.2150}	VIA12SQ_C	pg_via12_rail_repair
VIA_SA_31067	VDD	{719.8250 488.1050} {720.1750 488.2150}	VIA12SQ_C	pg_via12_rail_repair
VIA_SA_31068	VDD	{759.8250 488.1050} {760.1750 488.2150}	VIA12SQ_C	pg_via12_rail_repair
VIA_SA_31069	VDD	{799.8250 488.1050} {800.1750 488.2150}	VIA12SQ_C	pg_via12_rail_repair
VIA_SA_31070	VDD	{839.8250 488.1050} {840.1750 488.2150}	VIA12SQ_C	pg_via12_rail_repair
VIA_SA_31071	VDD	{879.8250 488.1050} {880.1750 488.2150}	VIA12SQ_C	pg_via12_rail_repair
VIA_SA_31072	VDD	{919.8250 488.1050} {920.1750 488.2150}	VIA12SQ_C	pg_via12_rail_repair
VIA_SA_31073	VDD	{959.8250 488.1050} {960.1750 488.2150}	VIA12SQ_C	pg_via12_rail_repair
VIA_SA_31074	VDD	{999.8250 488.1050} {1000.1750 488.2150}	VIA12SQ_C	pg_via12_rail_repair
VIA_SA_31075	VDD	{1039.8250 488.1050} {1040.1750 488.2150}	VIA12SQ_C	pg_via12_rail_repair
VIA_SA_31076	VDD	{1079.8250 488.1050} {1080.1750 488.2150}	VIA12SQ_C	pg_via12_rail_repair
VIA_SA_31077	VDD	{1119.8250 488.1050} {1120.1750 488.2150}	VIA12SQ_C	pg_via12_rail_repair
VIA_SA_31078	VDD	{1159.8250 488.1050} {1160.1750 488.2150}	VIA12SQ_C	pg_via12_rail_repair
VIA_SA_31079	VDD	{39.8250 528.2330} {40.1750 528.3430}	VIA12SQ_C	pg_via12_rail_repair
VIA_SA_31080	VDD	{79.8250 528.2330} {80.1750 528.3430}	VIA12SQ_C	pg_via12_rail_repair
VIA_SA_31081	VDD	{119.8250 528.2330} {120.1750 528.3430}	VIA12SQ_C	pg_via12_rail_repair
VIA_SA_31082	VDD	{159.8250 528.2330} {160.1750 528.3430}	VIA12SQ_C	pg_via12_rail_repair
VIA_SA_31083	VDD	{199.8250 528.2330} {200.1750 528.3430}	VIA12SQ_C	pg_via12_rail_repair
VIA_SA_31084	VDD	{239.8250 528.2330} {240.1750 528.3430}	VIA12SQ_C	pg_via12_rail_repair
VIA_SA_31085	VDD	{279.8250 528.2330} {280.1750 528.3430}	VIA12SQ_C	pg_via12_rail_repair
VIA_SA_31086	VDD	{319.8250 528.2330} {320.1750 528.3430}	VIA12SQ_C	pg_via12_rail_repair
VIA_SA_31087	VDD	{359.8250 528.2330} {360.1750 528.3430}	VIA12SQ_C	pg_via12_rail_repair
VIA_SA_31088	VDD	{399.8250 528.2330} {400.1750 528.3430}	VIA12SQ_C	pg_via12_rail_repair
VIA_SA_31089	VDD	{439.8250 528.2330} {440.1750 528.3430}	VIA12SQ_C	pg_via12_rail_repair
VIA_SA_31090	VDD	{479.8250 528.2330} {480.1750 528.3430}	VIA12SQ_C	pg_via12_rail_repair
VIA_SA_31091	VDD	{519.8250 528.2330} {520.1750 528.3430}	VIA12SQ_C	pg_via12_rail_repair
VIA_SA_31092	VDD	{559.8250 528.2330} {560.1750 528.3430}	VIA12SQ_C	pg_via12_rail_repair
VIA_SA_31093	VDD	{599.8250 528.2330} {600.1750 528.3430}	VIA12SQ_C	pg_via12_rail_repair
VIA_SA_31094	VDD	{639.8250 528.2330} {640.1750 528.3430}	VIA12SQ_C	pg_via12_rail_repair
VIA_SA_31095	VDD	{679.8250 528.2330} {680.1750 528.3430}	VIA12SQ_C	pg_via12_rail_repair
VIA_SA_31096	VDD	{719.8250 528.2330} {720.1750 528.3430}	VIA12SQ_C	pg_via12_rail_repair
VIA_SA_31097	VDD	{759.8250 528.2330} {760.1750 528.3430}	VIA12SQ_C	pg_via12_rail_repair
VIA_SA_31098	VDD	{799.8250 528.2330} {800.1750 528.3430}	VIA12SQ_C	pg_via12_rail_repair
VIA_SA_31099	VDD	{839.8250 528.2330} {840.1750 528.3430}	VIA12SQ_C	pg_via12_rail_repair
VIA_SA_31100	VDD	{879.8250 528.2330} {880.1750 528.3430}	VIA12SQ_C	pg_via12_rail_repair
VIA_SA_31101	VDD	{919.8250 528.2330} {920.1750 528.3430}	VIA12SQ_C	pg_via12_rail_repair
VIA_SA_31102	VDD	{959.8250 528.2330} {960.1750 528.3430}	VIA12SQ_C	pg_via12_rail_repair
VIA_SA_31103	VDD	{999.8250 528.2330} {1000.1750 528.3430}	VIA12SQ_C	pg_via12_rail_repair
VIA_SA_31104	VDD	{1039.8250 528.2330} {1040.1750 528.3430}	VIA12SQ_C	pg_via12_rail_repair
VIA_SA_31105	VDD	{1079.8250 528.2330} {1080.1750 528.3430}	VIA12SQ_C	pg_via12_rail_repair
VIA_SA_31106	VDD	{1119.8250 528.2330} {1120.1750 528.3430}	VIA12SQ_C	pg_via12_rail_repair
VIA_SA_31107	VDD	{1159.8250 528.2330} {1160.1750 528.3430}	VIA12SQ_C	pg_via12_rail_repair
VIA_SA_31108	VDD	{39.8250 568.3610} {40.1750 568.4710}	VIA12SQ_C	pg_via12_rail_repair
VIA_SA_31109	VDD	{79.8250 568.3610} {80.1750 568.4710}	VIA12SQ_C	pg_via12_rail_repair
VIA_SA_31110	VDD	{119.8250 568.3610} {120.1750 568.4710}	VIA12SQ_C	pg_via12_rail_repair
VIA_SA_31111	VDD	{159.8250 568.3610} {160.1750 568.4710}	VIA12SQ_C	pg_via12_rail_repair
VIA_SA_31112	VDD	{199.8250 568.3610} {200.1750 568.4710}	VIA12SQ_C	pg_via12_rail_repair
VIA_SA_31113	VDD	{239.8250 568.3610} {240.1750 568.4710}	VIA12SQ_C	pg_via12_rail_repair
VIA_SA_31114	VDD	{279.8250 568.3610} {280.1750 568.4710}	VIA12SQ_C	pg_via12_rail_repair
VIA_SA_31115	VDD	{319.8250 568.3610} {320.1750 568.4710}	VIA12SQ_C	pg_via12_rail_repair
VIA_SA_31116	VDD	{359.8250 568.3610} {360.1750 568.4710}	VIA12SQ_C	pg_via12_rail_repair
VIA_SA_31117	VDD	{399.8250 568.3610} {400.1750 568.4710}	VIA12SQ_C	pg_via12_rail_repair
VIA_SA_31118	VDD	{439.8250 568.3610} {440.1750 568.4710}	VIA12SQ_C	pg_via12_rail_repair
VIA_SA_31119	VDD	{479.8250 568.3610} {480.1750 568.4710}	VIA12SQ_C	pg_via12_rail_repair
VIA_SA_31120	VDD	{519.8250 568.3610} {520.1750 568.4710}	VIA12SQ_C	pg_via12_rail_repair
VIA_SA_31121	VDD	{559.8250 568.3610} {560.1750 568.4710}	VIA12SQ_C	pg_via12_rail_repair
VIA_SA_31122	VDD	{599.8250 568.3610} {600.1750 568.4710}	VIA12SQ_C	pg_via12_rail_repair
VIA_SA_31123	VDD	{639.8250 568.3610} {640.1750 568.4710}	VIA12SQ_C	pg_via12_rail_repair
VIA_SA_31124	VDD	{679.8250 568.3610} {680.1750 568.4710}	VIA12SQ_C	pg_via12_rail_repair
VIA_SA_31125	VDD	{719.8250 568.3610} {720.1750 568.4710}	VIA12SQ_C	pg_via12_rail_repair
VIA_SA_31126	VDD	{759.8250 568.3610} {760.1750 568.4710}	VIA12SQ_C	pg_via12_rail_repair
VIA_SA_31127	VDD	{799.8250 568.3610} {800.1750 568.4710}	VIA12SQ_C	pg_via12_rail_repair
VIA_SA_31128	VDD	{839.8250 568.3610} {840.1750 568.4710}	VIA12SQ_C	pg_via12_rail_repair
VIA_SA_31129	VDD	{879.8250 568.3610} {880.1750 568.4710}	VIA12SQ_C	pg_via12_rail_repair
VIA_SA_31130	VDD	{919.8250 568.3610} {920.1750 568.4710}	VIA12SQ_C	pg_via12_rail_repair
VIA_SA_31131	VDD	{959.8250 568.3610} {960.1750 568.4710}	VIA12SQ_C	pg_via12_rail_repair
VIA_SA_31132	VDD	{999.8250 568.3610} {1000.1750 568.4710}	VIA12SQ_C	pg_via12_rail_repair
VIA_SA_31133	VDD	{1039.8250 568.3610} {1040.1750 568.4710}	VIA12SQ_C	pg_via12_rail_repair
VIA_SA_31134	VDD	{1079.8250 568.3610} {1080.1750 568.4710}	VIA12SQ_C	pg_via12_rail_repair
VIA_SA_31135	VDD	{1119.8250 568.3610} {1120.1750 568.4710}	VIA12SQ_C	pg_via12_rail_repair
VIA_SA_31136	VDD	{1159.8250 568.3610} {1160.1750 568.4710}	VIA12SQ_C	pg_via12_rail_repair
VIA_SA_31137	VSS	{59.8250 827.5210} {60.1750 827.6310}	VIA12SQ_C	pg_via12_rail_repair
VIA_SA_31138	VSS	{99.8250 827.5210} {100.1750 827.6310}	VIA12SQ_C	pg_via12_rail_repair
VIA_SA_31139	VSS	{139.8250 827.5210} {140.1750 827.6310}	VIA12SQ_C	pg_via12_rail_repair
VIA_SA_31140	VSS	{179.8250 827.5210} {180.1750 827.6310}	VIA12SQ_C	pg_via12_rail_repair
VIA_SA_31141	VSS	{219.8250 827.5210} {220.1750 827.6310}	VIA12SQ_C	pg_via12_rail_repair
VIA_SA_31142	VSS	{259.8250 827.5210} {260.1750 827.6310}	VIA12SQ_C	pg_via12_rail_repair
VIA_SA_31143	VSS	{299.8250 827.5210} {300.1750 827.6310}	VIA12SQ_C	pg_via12_rail_repair
VIA_SA_31144	VSS	{339.8250 827.5210} {340.1750 827.6310}	VIA12SQ_C	pg_via12_rail_repair
VIA_SA_31145	VSS	{379.8250 827.5210} {380.1750 827.6310}	VIA12SQ_C	pg_via12_rail_repair
VIA_SA_31146	VSS	{419.8250 827.5210} {420.1750 827.6310}	VIA12SQ_C	pg_via12_rail_repair
VIA_SA_31147	VSS	{459.8250 827.5210} {460.1750 827.6310}	VIA12SQ_C	pg_via12_rail_repair
VIA_SA_31148	VSS	{499.8250 827.5210} {500.1750 827.6310}	VIA12SQ_C	pg_via12_rail_repair
VIA_SA_31149	VSS	{539.8250 827.5210} {540.1750 827.6310}	VIA12SQ_C	pg_via12_rail_repair
VIA_SA_31150	VSS	{579.8250 827.5210} {580.1750 827.6310}	VIA12SQ_C	pg_via12_rail_repair
VIA_SA_31151	VSS	{619.8250 827.5210} {620.1750 827.6310}	VIA12SQ_C	pg_via12_rail_repair
VIA_SA_31152	VSS	{659.8250 827.5210} {660.1750 827.6310}	VIA12SQ_C	pg_via12_rail_repair
VIA_SA_31153	VSS	{699.8250 827.5210} {700.1750 827.6310}	VIA12SQ_C	pg_via12_rail_repair
VIA_SA_31154	VSS	{739.8250 827.5210} {740.1750 827.6310}	VIA12SQ_C	pg_via12_rail_repair
VIA_SA_31155	VSS	{779.8250 827.5210} {780.1750 827.6310}	VIA12SQ_C	pg_via12_rail_repair
VIA_SA_31156	VSS	{819.8250 827.5210} {820.1750 827.6310}	VIA12SQ_C	pg_via12_rail_repair
VIA_SA_31157	VSS	{859.8250 827.5210} {860.1750 827.6310}	VIA12SQ_C	pg_via12_rail_repair
VIA_SA_31158	VSS	{899.8250 827.5210} {900.1750 827.6310}	VIA12SQ_C	pg_via12_rail_repair
VIA_SA_31159	VSS	{939.8250 827.5210} {940.1750 827.6310}	VIA12SQ_C	pg_via12_rail_repair
VIA_SA_31160	VSS	{979.8250 827.5210} {980.1750 827.6310}	VIA12SQ_C	pg_via12_rail_repair
VIA_SA_31161	VSS	{1019.8250 827.5210} {1020.1750 827.6310}	VIA12SQ_C	pg_via12_rail_repair
VIA_SA_31162	VSS	{1059.8250 827.5210} {1060.1750 827.6310}	VIA12SQ_C	pg_via12_rail_repair
VIA_SA_31163	VSS	{1099.8250 827.5210} {1100.1750 827.6310}	VIA12SQ_C	pg_via12_rail_repair
VIA_SA_31164	VSS	{1139.8250 827.5210} {1140.1750 827.6310}	VIA12SQ_C	pg_via12_rail_repair
VIA_SA_31165	VSS	{1179.8250 827.5210} {1180.1750 827.6310}	VIA12SQ_C	pg_via12_rail_repair
VIA_SA_31166	VSS	{59.8250 867.6490} {60.1750 867.7590}	VIA12SQ_C	pg_via12_rail_repair
VIA_SA_31167	VSS	{99.8250 867.6490} {100.1750 867.7590}	VIA12SQ_C	pg_via12_rail_repair
VIA_SA_31168	VSS	{139.8250 867.6490} {140.1750 867.7590}	VIA12SQ_C	pg_via12_rail_repair
VIA_SA_31169	VSS	{179.8250 867.6490} {180.1750 867.7590}	VIA12SQ_C	pg_via12_rail_repair
VIA_SA_31170	VSS	{219.8250 867.6490} {220.1750 867.7590}	VIA12SQ_C	pg_via12_rail_repair
VIA_SA_31171	VSS	{259.8250 867.6490} {260.1750 867.7590}	VIA12SQ_C	pg_via12_rail_repair
VIA_SA_31172	VSS	{299.8250 867.6490} {300.1750 867.7590}	VIA12SQ_C	pg_via12_rail_repair
VIA_SA_31173	VSS	{339.8250 867.6490} {340.1750 867.7590}	VIA12SQ_C	pg_via12_rail_repair
VIA_SA_31174	VSS	{379.8250 867.6490} {380.1750 867.7590}	VIA12SQ_C	pg_via12_rail_repair
VIA_SA_31175	VSS	{419.8250 867.6490} {420.1750 867.7590}	VIA12SQ_C	pg_via12_rail_repair
VIA_SA_31176	VSS	{459.8250 867.6490} {460.1750 867.7590}	VIA12SQ_C	pg_via12_rail_repair
VIA_SA_31177	VSS	{499.8250 867.6490} {500.1750 867.7590}	VIA12SQ_C	pg_via12_rail_repair
VIA_SA_31178	VSS	{539.8250 867.6490} {540.1750 867.7590}	VIA12SQ_C	pg_via12_rail_repair
VIA_SA_31179	VSS	{579.8250 867.6490} {580.1750 867.7590}	VIA12SQ_C	pg_via12_rail_repair
VIA_SA_31180	VSS	{619.8250 867.6490} {620.1750 867.7590}	VIA12SQ_C	pg_via12_rail_repair
VIA_SA_31181	VSS	{659.8250 867.6490} {660.1750 867.7590}	VIA12SQ_C	pg_via12_rail_repair
VIA_SA_31182	VSS	{699.8250 867.6490} {700.1750 867.7590}	VIA12SQ_C	pg_via12_rail_repair
VIA_SA_31183	VSS	{739.8250 867.6490} {740.1750 867.7590}	VIA12SQ_C	pg_via12_rail_repair
VIA_SA_31184	VSS	{779.8250 867.6490} {780.1750 867.7590}	VIA12SQ_C	pg_via12_rail_repair
VIA_SA_31185	VSS	{819.8250 867.6490} {820.1750 867.7590}	VIA12SQ_C	pg_via12_rail_repair
VIA_SA_31186	VSS	{859.8250 867.6490} {860.1750 867.7590}	VIA12SQ_C	pg_via12_rail_repair
VIA_SA_31187	VSS	{899.8250 867.6490} {900.1750 867.7590}	VIA12SQ_C	pg_via12_rail_repair
VIA_SA_31188	VSS	{939.8250 867.6490} {940.1750 867.7590}	VIA12SQ_C	pg_via12_rail_repair
VIA_SA_31189	VSS	{979.8250 867.6490} {980.1750 867.7590}	VIA12SQ_C	pg_via12_rail_repair
VIA_SA_31190	VSS	{1019.8250 867.6490} {1020.1750 867.7590}	VIA12SQ_C	pg_via12_rail_repair
VIA_SA_31191	VSS	{1059.8250 867.6490} {1060.1750 867.7590}	VIA12SQ_C	pg_via12_rail_repair
VIA_SA_31192	VSS	{1099.8250 867.6490} {1100.1750 867.7590}	VIA12SQ_C	pg_via12_rail_repair
VIA_SA_31193	VSS	{1139.8250 867.6490} {1140.1750 867.7590}	VIA12SQ_C	pg_via12_rail_repair
VIA_SA_31194	VSS	{1179.8250 867.6490} {1180.1750 867.7590}	VIA12SQ_C	pg_via12_rail_repair
VIA_SA_31195	VSS	{59.8250 907.7770} {60.1750 907.8870}	VIA12SQ_C	pg_via12_rail_repair
VIA_SA_31196	VSS	{99.8250 907.7770} {100.1750 907.8870}	VIA12SQ_C	pg_via12_rail_repair
VIA_SA_31197	VSS	{139.8250 907.7770} {140.1750 907.8870}	VIA12SQ_C	pg_via12_rail_repair
VIA_SA_31198	VSS	{179.8250 907.7770} {180.1750 907.8870}	VIA12SQ_C	pg_via12_rail_repair
VIA_SA_31199	VSS	{219.8250 907.7770} {220.1750 907.8870}	VIA12SQ_C	pg_via12_rail_repair
VIA_SA_31200	VSS	{259.8250 907.7770} {260.1750 907.8870}	VIA12SQ_C	pg_via12_rail_repair
VIA_SA_31201	VSS	{299.8250 907.7770} {300.1750 907.8870}	VIA12SQ_C	pg_via12_rail_repair
VIA_SA_31202	VSS	{339.8250 907.7770} {340.1750 907.8870}	VIA12SQ_C	pg_via12_rail_repair
VIA_SA_31203	VSS	{379.8250 907.7770} {380.1750 907.8870}	VIA12SQ_C	pg_via12_rail_repair
VIA_SA_31204	VSS	{419.8250 907.7770} {420.1750 907.8870}	VIA12SQ_C	pg_via12_rail_repair
VIA_SA_31205	VSS	{459.8250 907.7770} {460.1750 907.8870}	VIA12SQ_C	pg_via12_rail_repair
VIA_SA_31206	VSS	{499.8250 907.7770} {500.1750 907.8870}	VIA12SQ_C	pg_via12_rail_repair
VIA_SA_31207	VSS	{539.8250 907.7770} {540.1750 907.8870}	VIA12SQ_C	pg_via12_rail_repair
VIA_SA_31208	VSS	{579.8250 907.7770} {580.1750 907.8870}	VIA12SQ_C	pg_via12_rail_repair
VIA_SA_31209	VSS	{619.8250 907.7770} {620.1750 907.8870}	VIA12SQ_C	pg_via12_rail_repair
VIA_SA_31210	VSS	{659.8250 907.7770} {660.1750 907.8870}	VIA12SQ_C	pg_via12_rail_repair
VIA_SA_31211	VSS	{699.8250 907.7770} {700.1750 907.8870}	VIA12SQ_C	pg_via12_rail_repair
VIA_SA_31212	VSS	{739.8250 907.7770} {740.1750 907.8870}	VIA12SQ_C	pg_via12_rail_repair
VIA_SA_31213	VSS	{779.8250 907.7770} {780.1750 907.8870}	VIA12SQ_C	pg_via12_rail_repair
VIA_SA_31214	VSS	{819.8250 907.7770} {820.1750 907.8870}	VIA12SQ_C	pg_via12_rail_repair
VIA_SA_31215	VSS	{859.8250 907.7770} {860.1750 907.8870}	VIA12SQ_C	pg_via12_rail_repair
VIA_SA_31216	VSS	{899.8250 907.7770} {900.1750 907.8870}	VIA12SQ_C	pg_via12_rail_repair
VIA_SA_31217	VSS	{939.8250 907.7770} {940.1750 907.8870}	VIA12SQ_C	pg_via12_rail_repair
VIA_SA_31218	VSS	{979.8250 907.7770} {980.1750 907.8870}	VIA12SQ_C	pg_via12_rail_repair
VIA_SA_31219	VSS	{1019.8250 907.7770} {1020.1750 907.8870}	VIA12SQ_C	pg_via12_rail_repair
VIA_SA_31220	VSS	{1059.8250 907.7770} {1060.1750 907.8870}	VIA12SQ_C	pg_via12_rail_repair
VIA_SA_31221	VSS	{1099.8250 907.7770} {1100.1750 907.8870}	VIA12SQ_C	pg_via12_rail_repair
VIA_SA_31222	VSS	{1139.8250 907.7770} {1140.1750 907.8870}	VIA12SQ_C	pg_via12_rail_repair
VIA_SA_31223	VSS	{1179.8250 907.7770} {1180.1750 907.8870}	VIA12SQ_C	pg_via12_rail_repair
VIA_SA_31224	VSS	{59.8250 947.9050} {60.1750 948.0150}	VIA12SQ_C	pg_via12_rail_repair
VIA_SA_31225	VSS	{99.8250 947.9050} {100.1750 948.0150}	VIA12SQ_C	pg_via12_rail_repair
VIA_SA_31226	VSS	{139.8250 947.9050} {140.1750 948.0150}	VIA12SQ_C	pg_via12_rail_repair
VIA_SA_31227	VSS	{179.8250 947.9050} {180.1750 948.0150}	VIA12SQ_C	pg_via12_rail_repair
VIA_SA_31228	VSS	{219.8250 947.9050} {220.1750 948.0150}	VIA12SQ_C	pg_via12_rail_repair
VIA_SA_31229	VSS	{259.8250 947.9050} {260.1750 948.0150}	VIA12SQ_C	pg_via12_rail_repair
VIA_SA_31230	VSS	{299.8250 947.9050} {300.1750 948.0150}	VIA12SQ_C	pg_via12_rail_repair
VIA_SA_31231	VSS	{339.8250 947.9050} {340.1750 948.0150}	VIA12SQ_C	pg_via12_rail_repair
VIA_SA_31232	VSS	{379.8250 947.9050} {380.1750 948.0150}	VIA12SQ_C	pg_via12_rail_repair
VIA_SA_31233	VSS	{419.8250 947.9050} {420.1750 948.0150}	VIA12SQ_C	pg_via12_rail_repair
VIA_SA_31234	VSS	{459.8250 947.9050} {460.1750 948.0150}	VIA12SQ_C	pg_via12_rail_repair
VIA_SA_31235	VSS	{499.8250 947.9050} {500.1750 948.0150}	VIA12SQ_C	pg_via12_rail_repair
VIA_SA_31236	VSS	{539.8250 947.9050} {540.1750 948.0150}	VIA12SQ_C	pg_via12_rail_repair
VIA_SA_31237	VSS	{579.8250 947.9050} {580.1750 948.0150}	VIA12SQ_C	pg_via12_rail_repair
VIA_SA_31238	VSS	{619.8250 947.9050} {620.1750 948.0150}	VIA12SQ_C	pg_via12_rail_repair
VIA_SA_31239	VSS	{659.8250 947.9050} {660.1750 948.0150}	VIA12SQ_C	pg_via12_rail_repair
VIA_SA_31240	VSS	{699.8250 947.9050} {700.1750 948.0150}	VIA12SQ_C	pg_via12_rail_repair
VIA_SA_31241	VSS	{739.8250 947.9050} {740.1750 948.0150}	VIA12SQ_C	pg_via12_rail_repair
VIA_SA_31242	VSS	{779.8250 947.9050} {780.1750 948.0150}	VIA12SQ_C	pg_via12_rail_repair
VIA_SA_31243	VSS	{819.8250 947.9050} {820.1750 948.0150}	VIA12SQ_C	pg_via12_rail_repair
VIA_SA_31244	VSS	{859.8250 947.9050} {860.1750 948.0150}	VIA12SQ_C	pg_via12_rail_repair
VIA_SA_31245	VSS	{899.8250 947.9050} {900.1750 948.0150}	VIA12SQ_C	pg_via12_rail_repair
VIA_SA_31246	VSS	{939.8250 947.9050} {940.1750 948.0150}	VIA12SQ_C	pg_via12_rail_repair
VIA_SA_31247	VSS	{979.8250 947.9050} {980.1750 948.0150}	VIA12SQ_C	pg_via12_rail_repair
VIA_SA_31248	VSS	{1019.8250 947.9050} {1020.1750 948.0150}	VIA12SQ_C	pg_via12_rail_repair
VIA_SA_31249	VSS	{1059.8250 947.9050} {1060.1750 948.0150}	VIA12SQ_C	pg_via12_rail_repair
VIA_SA_31250	VSS	{1099.8250 947.9050} {1100.1750 948.0150}	VIA12SQ_C	pg_via12_rail_repair
VIA_SA_31251	VSS	{1139.8250 947.9050} {1140.1750 948.0150}	VIA12SQ_C	pg_via12_rail_repair
VIA_SA_31252	VSS	{1179.8250 947.9050} {1180.1750 948.0150}	VIA12SQ_C	pg_via12_rail_repair
VIA_SA_31253	VSS	{59.8250 988.0330} {60.1750 988.1430}	VIA12SQ_C	pg_via12_rail_repair
VIA_SA_31254	VSS	{99.8250 988.0330} {100.1750 988.1430}	VIA12SQ_C	pg_via12_rail_repair
VIA_SA_31255	VSS	{139.8250 988.0330} {140.1750 988.1430}	VIA12SQ_C	pg_via12_rail_repair
VIA_SA_31256	VSS	{179.8250 988.0330} {180.1750 988.1430}	VIA12SQ_C	pg_via12_rail_repair
VIA_SA_31257	VSS	{219.8250 988.0330} {220.1750 988.1430}	VIA12SQ_C	pg_via12_rail_repair
VIA_SA_31258	VSS	{259.8250 988.0330} {260.1750 988.1430}	VIA12SQ_C	pg_via12_rail_repair
VIA_SA_31259	VSS	{299.8250 988.0330} {300.1750 988.1430}	VIA12SQ_C	pg_via12_rail_repair
VIA_SA_31260	VSS	{339.8250 988.0330} {340.1750 988.1430}	VIA12SQ_C	pg_via12_rail_repair
VIA_SA_31261	VSS	{379.8250 988.0330} {380.1750 988.1430}	VIA12SQ_C	pg_via12_rail_repair
VIA_SA_31262	VSS	{419.8250 988.0330} {420.1750 988.1430}	VIA12SQ_C	pg_via12_rail_repair
VIA_SA_31263	VSS	{459.8250 988.0330} {460.1750 988.1430}	VIA12SQ_C	pg_via12_rail_repair
VIA_SA_31264	VSS	{499.8250 988.0330} {500.1750 988.1430}	VIA12SQ_C	pg_via12_rail_repair
VIA_SA_31265	VSS	{539.8250 988.0330} {540.1750 988.1430}	VIA12SQ_C	pg_via12_rail_repair
VIA_SA_31266	VSS	{579.8250 988.0330} {580.1750 988.1430}	VIA12SQ_C	pg_via12_rail_repair
VIA_SA_31267	VSS	{619.8250 988.0330} {620.1750 988.1430}	VIA12SQ_C	pg_via12_rail_repair
VIA_SA_31268	VSS	{659.8250 988.0330} {660.1750 988.1430}	VIA12SQ_C	pg_via12_rail_repair
VIA_SA_31269	VSS	{699.8250 988.0330} {700.1750 988.1430}	VIA12SQ_C	pg_via12_rail_repair
VIA_SA_31270	VSS	{739.8250 988.0330} {740.1750 988.1430}	VIA12SQ_C	pg_via12_rail_repair
VIA_SA_31271	VSS	{779.8250 988.0330} {780.1750 988.1430}	VIA12SQ_C	pg_via12_rail_repair
VIA_SA_31272	VSS	{819.8250 988.0330} {820.1750 988.1430}	VIA12SQ_C	pg_via12_rail_repair
VIA_SA_31273	VSS	{859.8250 988.0330} {860.1750 988.1430}	VIA12SQ_C	pg_via12_rail_repair
VIA_SA_31274	VSS	{899.8250 988.0330} {900.1750 988.1430}	VIA12SQ_C	pg_via12_rail_repair
VIA_SA_31275	VSS	{939.8250 988.0330} {940.1750 988.1430}	VIA12SQ_C	pg_via12_rail_repair
VIA_SA_31276	VSS	{979.8250 988.0330} {980.1750 988.1430}	VIA12SQ_C	pg_via12_rail_repair
VIA_SA_31277	VSS	{1019.8250 988.0330} {1020.1750 988.1430}	VIA12SQ_C	pg_via12_rail_repair
VIA_SA_31278	VSS	{1059.8250 988.0330} {1060.1750 988.1430}	VIA12SQ_C	pg_via12_rail_repair
VIA_SA_31279	VSS	{1099.8250 988.0330} {1100.1750 988.1430}	VIA12SQ_C	pg_via12_rail_repair
VIA_SA_31280	VSS	{1139.8250 988.0330} {1140.1750 988.1430}	VIA12SQ_C	pg_via12_rail_repair
VIA_SA_31281	VSS	{1179.8250 988.0330} {1180.1750 988.1430}	VIA12SQ_C	pg_via12_rail_repair
VIA_SA_31282	VSS	{59.8250 1028.1610} {60.1750 1028.2710}	VIA12SQ_C	pg_via12_rail_repair
VIA_SA_31283	VSS	{99.8250 1028.1610} {100.1750 1028.2710}	VIA12SQ_C	pg_via12_rail_repair
VIA_SA_31284	VSS	{139.8250 1028.1610} {140.1750 1028.2710}	VIA12SQ_C	pg_via12_rail_repair
VIA_SA_31285	VSS	{179.8250 1028.1610} {180.1750 1028.2710}	VIA12SQ_C	pg_via12_rail_repair
VIA_SA_31286	VSS	{219.8250 1028.1610} {220.1750 1028.2710}	VIA12SQ_C	pg_via12_rail_repair
VIA_SA_31287	VSS	{259.8250 1028.1610} {260.1750 1028.2710}	VIA12SQ_C	pg_via12_rail_repair
VIA_SA_31288	VSS	{299.8250 1028.1610} {300.1750 1028.2710}	VIA12SQ_C	pg_via12_rail_repair
VIA_SA_31289	VSS	{339.8250 1028.1610} {340.1750 1028.2710}	VIA12SQ_C	pg_via12_rail_repair
VIA_SA_31290	VSS	{379.8250 1028.1610} {380.1750 1028.2710}	VIA12SQ_C	pg_via12_rail_repair
VIA_SA_31291	VSS	{419.8250 1028.1610} {420.1750 1028.2710}	VIA12SQ_C	pg_via12_rail_repair
VIA_SA_31292	VSS	{459.8250 1028.1610} {460.1750 1028.2710}	VIA12SQ_C	pg_via12_rail_repair
VIA_SA_31293	VSS	{499.8250 1028.1610} {500.1750 1028.2710}	VIA12SQ_C	pg_via12_rail_repair
VIA_SA_31294	VSS	{539.8250 1028.1610} {540.1750 1028.2710}	VIA12SQ_C	pg_via12_rail_repair
VIA_SA_31295	VSS	{579.8250 1028.1610} {580.1750 1028.2710}	VIA12SQ_C	pg_via12_rail_repair
VIA_SA_31296	VSS	{619.8250 1028.1610} {620.1750 1028.2710}	VIA12SQ_C	pg_via12_rail_repair
VIA_SA_31297	VSS	{659.8250 1028.1610} {660.1750 1028.2710}	VIA12SQ_C	pg_via12_rail_repair
VIA_SA_31298	VSS	{699.8250 1028.1610} {700.1750 1028.2710}	VIA12SQ_C	pg_via12_rail_repair
VIA_SA_31299	VSS	{739.8250 1028.1610} {740.1750 1028.2710}	VIA12SQ_C	pg_via12_rail_repair
VIA_SA_31300	VSS	{779.8250 1028.1610} {780.1750 1028.2710}	VIA12SQ_C	pg_via12_rail_repair
VIA_SA_31301	VSS	{819.8250 1028.1610} {820.1750 1028.2710}	VIA12SQ_C	pg_via12_rail_repair
VIA_SA_31302	VSS	{859.8250 1028.1610} {860.1750 1028.2710}	VIA12SQ_C	pg_via12_rail_repair
VIA_SA_31303	VSS	{899.8250 1028.1610} {900.1750 1028.2710}	VIA12SQ_C	pg_via12_rail_repair
VIA_SA_31304	VSS	{939.8250 1028.1610} {940.1750 1028.2710}	VIA12SQ_C	pg_via12_rail_repair
VIA_SA_31305	VSS	{979.8250 1028.1610} {980.1750 1028.2710}	VIA12SQ_C	pg_via12_rail_repair
VIA_SA_31306	VSS	{1019.8250 1028.1610} {1020.1750 1028.2710}	VIA12SQ_C	pg_via12_rail_repair
VIA_SA_31307	VSS	{1059.8250 1028.1610} {1060.1750 1028.2710}	VIA12SQ_C	pg_via12_rail_repair
VIA_SA_31308	VSS	{1099.8250 1028.1610} {1100.1750 1028.2710}	VIA12SQ_C	pg_via12_rail_repair
VIA_SA_31309	VSS	{1139.8250 1028.1610} {1140.1750 1028.2710}	VIA12SQ_C	pg_via12_rail_repair
VIA_SA_31310	VSS	{1179.8250 1028.1610} {1180.1750 1028.2710}	VIA12SQ_C	pg_via12_rail_repair
VIA_SA_31311	VSS	{59.8250 1068.2890} {60.1750 1068.3990}	VIA12SQ_C	pg_via12_rail_repair
VIA_SA_31312	VSS	{99.8250 1068.2890} {100.1750 1068.3990}	VIA12SQ_C	pg_via12_rail_repair
VIA_SA_31313	VSS	{139.8250 1068.2890} {140.1750 1068.3990}	VIA12SQ_C	pg_via12_rail_repair
VIA_SA_31314	VSS	{179.8250 1068.2890} {180.1750 1068.3990}	VIA12SQ_C	pg_via12_rail_repair
VIA_SA_31315	VSS	{219.8250 1068.2890} {220.1750 1068.3990}	VIA12SQ_C	pg_via12_rail_repair
VIA_SA_31316	VSS	{259.8250 1068.2890} {260.1750 1068.3990}	VIA12SQ_C	pg_via12_rail_repair
VIA_SA_31317	VSS	{299.8250 1068.2890} {300.1750 1068.3990}	VIA12SQ_C	pg_via12_rail_repair
VIA_SA_31318	VSS	{339.8250 1068.2890} {340.1750 1068.3990}	VIA12SQ_C	pg_via12_rail_repair
VIA_SA_31319	VSS	{379.8250 1068.2890} {380.1750 1068.3990}	VIA12SQ_C	pg_via12_rail_repair
VIA_SA_31320	VSS	{419.8250 1068.2890} {420.1750 1068.3990}	VIA12SQ_C	pg_via12_rail_repair
VIA_SA_31321	VSS	{459.8250 1068.2890} {460.1750 1068.3990}	VIA12SQ_C	pg_via12_rail_repair
VIA_SA_31322	VSS	{499.8250 1068.2890} {500.1750 1068.3990}	VIA12SQ_C	pg_via12_rail_repair
VIA_SA_31323	VSS	{539.8250 1068.2890} {540.1750 1068.3990}	VIA12SQ_C	pg_via12_rail_repair
VIA_SA_31324	VSS	{579.8250 1068.2890} {580.1750 1068.3990}	VIA12SQ_C	pg_via12_rail_repair
VIA_SA_31325	VSS	{619.8250 1068.2890} {620.1750 1068.3990}	VIA12SQ_C	pg_via12_rail_repair
VIA_SA_31326	VSS	{659.8250 1068.2890} {660.1750 1068.3990}	VIA12SQ_C	pg_via12_rail_repair
VIA_SA_31327	VSS	{699.8250 1068.2890} {700.1750 1068.3990}	VIA12SQ_C	pg_via12_rail_repair
VIA_SA_31328	VSS	{739.8250 1068.2890} {740.1750 1068.3990}	VIA12SQ_C	pg_via12_rail_repair
VIA_SA_31329	VSS	{779.8250 1068.2890} {780.1750 1068.3990}	VIA12SQ_C	pg_via12_rail_repair
VIA_SA_31330	VSS	{819.8250 1068.2890} {820.1750 1068.3990}	VIA12SQ_C	pg_via12_rail_repair
VIA_SA_31331	VSS	{859.8250 1068.2890} {860.1750 1068.3990}	VIA12SQ_C	pg_via12_rail_repair
VIA_SA_31332	VSS	{899.8250 1068.2890} {900.1750 1068.3990}	VIA12SQ_C	pg_via12_rail_repair
VIA_SA_31333	VSS	{939.8250 1068.2890} {940.1750 1068.3990}	VIA12SQ_C	pg_via12_rail_repair
VIA_SA_31334	VSS	{979.8250 1068.2890} {980.1750 1068.3990}	VIA12SQ_C	pg_via12_rail_repair
VIA_SA_31335	VSS	{1019.8250 1068.2890} {1020.1750 1068.3990}	VIA12SQ_C	pg_via12_rail_repair
VIA_SA_31336	VSS	{1059.8250 1068.2890} {1060.1750 1068.3990}	VIA12SQ_C	pg_via12_rail_repair
VIA_SA_31337	VSS	{1099.8250 1068.2890} {1100.1750 1068.3990}	VIA12SQ_C	pg_via12_rail_repair
VIA_SA_31338	VSS	{1139.8250 1068.2890} {1140.1750 1068.3990}	VIA12SQ_C	pg_via12_rail_repair
VIA_SA_31339	VSS	{1179.8250 1068.2890} {1180.1750 1068.3990}	VIA12SQ_C	pg_via12_rail_repair
